<?xml version="1.0" encoding="windows-1252" ?>
<!DOCTYPE ViewObject SYSTEM "jbo_03_01.dtd">
<!---->
<ViewObject
  xmlns="http://xmlns.oracle.com/bc4j"
  Name="cheSumVO"
  Version="12.2.1.22.48"
  InheritPersonalization="merge"
  BindingStyle="OracleName"
  CustomQuery="true"
  PageIterMode="Full">
  <DesignTime>
    <Attr Name="_isExpertMode" Value="true"/>
  </DesignTime>
  <Properties>
    <SchemaBasedProperties>
      <LABEL
        ResId="model.sum.cheSumVO_LABEL"/>
    </SchemaBasedProperties>
  </Properties>
  <Variable
    Name="cheSum"
    Kind="where"
    Type="java.lang.String"/>
  <SQLQuery><![CDATA[SELECT round(SUM (XXCPV.QTY),2) Quantity,round(SUM (XXCPV.USDRATE),2) Checost    
  FROM XX_CHEMICAL_PRICE_V XXCPV    
 WHERE XXCPV.SYSTEM_ID = :cheSum]]></SQLQuery>
  <ViewAttribute
    Name="Quantity"
    IsUpdateable="false"
    IsPersistent="false"
    PrecisionRule="true"
    Type="oracle.jbo.domain.Number"
    ColumnType="NUMBER"
    AliasName="QUANTITY"
    Expression="QUANTITY"
    SQLType="NUMERIC"/>
  <ViewAttribute
    Name="Checost"
    IsUpdateable="false"
    IsPersistent="false"
    PrecisionRule="true"
    Type="oracle.jbo.domain.Number"
    ColumnType="NUMBER"
    AliasName="CHECOST"
    Expression="CHECOST"
    SQLType="NUMERIC"/>
  <ResourceBundle>
    <PropertiesBundle
      PropertiesFile="model.ModelBundle"/>
  </ResourceBundle>
</ViewObject>
