<?xml version="1.0" encoding="windows-1252" ?>
<!DOCTYPE ViewObject SYSTEM "jbo_03_01.dtd">
<!---->
<ViewObject
  xmlns="http://xmlns.oracle.com/bc4j"
  Name="dryProcessSumVO"
  Version="12.2.1.22.48"
  InheritPersonalization="merge"
  BindingStyle="OracleName"
  CustomQuery="true"
  PageIterMode="Full">
  <DesignTime>
    <Attr Name="_isExpertMode" Value="true"/>
  </DesignTime>
  <Properties>
    <SchemaBasedProperties>
      <LABEL
        ResId="model.sum.dryProcessSumVO_LABEL"/>
    </SchemaBasedProperties>
  </Properties>
  <Variable
    Name="dryPSum"
    Kind="where"
    Type="java.lang.String"/>
  <SQLQuery><![CDATA[select ab.* from (SELECT round (SUM (dry.PRODUCE_MIN),2) PTIME,round(SUM (dry.Q_QTY),2) QUANTITY,round(SUM(dry.SAM),2) DRYSAM                     
  FROM (SELECT DP.*, SC.COST_PER_MINUTE                     
          FROM XX_DRY_PROCESS_V DP , XX_SECTION_COST_V SC                     
         WHERE     DP.SEC_ID = SC.SEC_ID                     
               AND DP.ENTRYDATE BETWEEN SC.FROM_COST                     
                                    AND NVL (TRUNC (SC.TO_COST),                     
                                             '01-Jan-2099')) dry  WHERE dry.SYSTEM_ID =:dryPSum )ab]]></SQLQuery>
  <ViewAttribute
    Name="Ptime"
    IsUpdateable="false"
    IsPersistent="false"
    PrecisionRule="true"
    Type="oracle.jbo.domain.Number"
    ColumnType="NUMBER"
    AliasName="PTIME"
    Expression="PTIME"
    SQLType="NUMERIC"/>
  <ViewAttribute
    Name="Quantity"
    IsUpdateable="false"
    IsPersistent="false"
    PrecisionRule="true"
    Type="oracle.jbo.domain.Number"
    ColumnType="NUMBER"
    AliasName="QUANTITY"
    Expression="QUANTITY"
    SQLType="NUMERIC"/>
  <ViewAttribute
    Name="Drysam"
    IsUpdateable="false"
    IsPersistent="false"
    PrecisionRule="true"
    Type="oracle.jbo.domain.Number"
    ColumnType="NUMBER"
    AliasName="DRYSAM"
    Expression="DRYSAM"
    SQLType="NUMERIC"/>
  <ResourceBundle>
    <PropertiesBundle
      PropertiesFile="model.ModelBundle"/>
  </ResourceBundle>
</ViewObject>
