<?xml version="1.0" encoding="windows-1252" ?>
<!DOCTYPE ViewObject SYSTEM "jbo_03_01.dtd">
<!---->
<ViewObject
  xmlns="http://xmlns.oracle.com/bc4j"
  Name="washQtySumVO"
  Version="12.2.1.22.48"
  InheritPersonalization="merge"
  BindingStyle="OracleName"
  CustomQuery="true"
  PageIterMode="Full">
  <DesignTime>
    <Attr Name="_isExpertMode" Value="true"/>
  </DesignTime>
  <Properties>
    <SchemaBasedProperties>
      <LABEL
        ResId="model.sum.washQtySumVO_LABEL"/>
    </SchemaBasedProperties>
  </Properties>
  <Variable
    Name="washQSum"
    Kind="where"
    Type="java.lang.String"/>
  <SQLQuery><![CDATA[SELECT round(SUM (XXWQV.Q_QTY),2) QQUANTITY     
  FROM XX_WASH_QTY_V XXWQV     
 WHERE XXWQV.SYSTEM_ID =:washQSum]]></SQLQuery>
  <ViewAttribute
    Name="Qquantity"
    IsUpdateable="false"
    IsPersistent="false"
    PrecisionRule="true"
    Type="oracle.jbo.domain.Number"
    ColumnType="NUMBER"
    AliasName="QQUANTITY"
    Expression="QQUANTITY"
    SQLType="NUMERIC"/>
  <ResourceBundle>
    <PropertiesBundle
      PropertiesFile="model.ModelBundle"/>
  </ResourceBundle>
</ViewObject>
