<?xml version="1.0" encoding="windows-1252" ?>
<!DOCTYPE ViewObject SYSTEM "jbo_03_01.dtd">
<!---->
<ViewObject
  xmlns="http://xmlns.oracle.com/bc4j"
  Name="wetProcessSumVO"
  Version="12.2.1.22.48"
  InheritPersonalization="merge"
  BindingStyle="OracleName"
  CustomQuery="true"
  PageIterMode="Full">
  <DesignTime>
    <Attr Name="_isExpertMode" Value="true"/>
  </DesignTime>
  <Properties>
    <SchemaBasedProperties>
      <LABEL
        ResId="model.sum.wetProcessSumVO_LABEL"/>
    </SchemaBasedProperties>
  </Properties>
  <Variable
    Name="wetPSum"
    Kind="where"
    Type="java.lang.String"/>
  <SQLQuery><![CDATA[SELECT round(SUM (wet.PTIME),2) wetProduceTime                                
  FROM (SELECT XXWPV.*, SC.COST_PER_MINUTE                                  
          FROM XX_WET_PROCESS_V XXWPV, XX_SECTION_COST_V SC                                  
         WHERE     XXWPV.SEC_ID = SC.SEC_ID                                  
               AND XXWPV.ENTRYDATE BETWEEN SC.FROM_COST                                  
                                       AND NVL (TRUNC (SC.TO_COST),                                  
                                                '01-Jan-2099')) wet WHERE wet.SYSTEM_ID =: wetPSum]]></SQLQuery>
  <ViewAttribute
    Name="Wetproducetime"
    IsUpdateable="false"
    IsPersistent="false"
    PrecisionRule="true"
    Type="oracle.jbo.domain.Number"
    ColumnType="NUMBER"
    AliasName="WETPRODUCETIME"
    Expression="WETPRODUCETIME"
    SQLType="NUMERIC"/>
  <ResourceBundle>
    <PropertiesBundle
      PropertiesFile="model.ModelBundle"/>
  </ResourceBundle>
</ViewObject>
