<?xml version="1.0" encoding="windows-1252" ?>
<!DOCTYPE ViewObject SYSTEM "jbo_03_01.dtd">
<!---->
<ViewObject
  xmlns="http://xmlns.oracle.com/bc4j"
  Name="SeasonLovVO"
  Version="12.2.1.22.48"
  InheritPersonalization="merge"
  BindingStyle="OracleName"
  CustomQuery="true"
  PageIterMode="Full">
  <DesignTime>
    <Attr Name="_isExpertMode" Value="true"/>
  </DesignTime>
  <Properties>
    <SchemaBasedProperties>
      <LABEL
        ResId="model.lov.SeasonLovVO_LABEL"/>
    </SchemaBasedProperties>
  </Properties>
  <SQLQuery><![CDATA[SELECT DISTINCT l.system_id,    
                h.SEASON 
  FROM xx_om_poc_h_t@ebs h, xx_om_poc_L_t@ebs L, ar_customers@ebs ab    
 WHERE h.poc_id = L.poc_id AND h.buyer_id = ab.customer_id]]></SQLQuery>
  <ViewAttribute
    Name="SystemId"
    IsPersistent="false"
    PrecisionRule="true"
    Type="oracle.jbo.domain.Number"
    ColumnType="NUMBER"
    AliasName="SYSTEM_ID"
    Expression="SYSTEM_ID"
    SQLType="NUMERIC">
    <Properties>
      <SchemaBasedProperties>
        <DISPLAYWIDTH
          Value="8"/>
        <LABEL
          ResId="SystemId_LABEL"/>
      </SchemaBasedProperties>
    </Properties>
  </ViewAttribute>
  <ViewAttribute
    Name="Season"
    IsPersistent="false"
    PrecisionRule="true"
    Precision="30"
    Type="java.lang.String"
    ColumnType="VARCHAR2"
    AliasName="SEASON"
    Expression="SEASON"
    SQLType="VARCHAR">
    <DesignTime>
      <Attr Name="_DisplaySize" Value="30"/>
    </DesignTime>
    <Properties>
      <SchemaBasedProperties>
        <DISPLAYWIDTH
          Value="10"/>
      </SchemaBasedProperties>
    </Properties>
  </ViewAttribute>
  <ResourceBundle>
    <PropertiesBundle
      PropertiesFile="model.ModelBundle"/>
  </ResourceBundle>
</ViewObject>
