<?xml version="1.0" encoding="windows-1252" ?>
<adfc-config xmlns="http://xmlns.oracle.com/adf/controller" version="1.2">
  <view id="SearchPG">
    <page>/SearchPG.jspx</page>
  </view>
  <view id="HomePG">
    <page>/HomePG.jspx</page>
  </view>
  <control-flow-rule id="__2">
    <from-activity-id>HomePG</from-activity-id>
    <control-flow-case id="__3">
      <from-outcome>*go to SearchPG</from-outcome>
      <to-activity-id>SearchPG</to-activity-id>
    </control-flow-case>
  </control-flow-rule>
  <control-flow-rule id="__4">
    <from-activity-id>SearchPG</from-activity-id>
    <control-flow-case id="__5">
      <from-outcome>*return to HomePG</from-outcome>
      <to-activity-id>HomePG</to-activity-id>
    </control-flow-case>
  </control-flow-rule>
  <managed-bean id="__1">
    <managed-bean-name>myBean</managed-bean-name>
    <managed-bean-class>main.main</managed-bean-class>
    <managed-bean-scope>request</managed-bean-scope>
  </managed-bean>
</adfc-config>
